{"cameraMode":{"drawMode":0,"name":"Shaded","section":"Shading Mode"},"sceneLighting":true,"audioPlay":false,"sceneViewState":{"m_AlwaysRefresh":false,"showFog":true,"showSkybox":true,"showFlares":true,"showImageEffects":true,"showParticleSystems":true,"showVisualEffectGraphs":true,"m_FxEnabled":true},"in2DMode":false,"pivot":{"x":-11.486605644226075,"y":0.40889644622802737,"z":5.269644737243652},"rotation":{"x":-0.0542951337993145,"y":0.05330473184585571,"z":-0.0028991135768592359,"w":-0.9971083998680115},"size":22.012203216552736,"orthographic":true}