{"cameraMode":{"drawMode":0,"name":"Shaded","section":"Shading Mode"},"sceneLighting":true,"audioPlay":false,"sceneViewState":{"m_AlwaysRefresh":false,"showFog":true,"showSkybox":true,"showFlares":true,"showImageEffects":true,"showParticleSystems":true,"showVisualEffectGraphs":true,"m_FxEnabled":true},"in2DMode":false,"pivot":{"x":-11.486605644226075,"y":0.40889644622802737,"z":5.269644737243652},"rotation":{"x":-0.18334685266017915,"y":0.25280117988586428,"z":-0.048850297927856448,"w":-0.9487407207489014},"size":22.012203216552736,"orthographic":true}