{"cameraMode":{"drawMode":0,"name":"Shaded","section":"Shading Mode"},"sceneLighting":true,"audioPlay":false,"sceneViewState":{"m_AlwaysRefresh":false,"showFog":true,"showSkybox":true,"showFlares":true,"showImageEffects":true,"showParticleSystems":true,"showVisualEffectGraphs":true,"m_FxEnabled":true},"in2DMode":false,"pivot":{"x":-11.486605644226075,"y":0.40889644622802737,"z":5.269644737243652},"rotation":{"x":0.25776201486587527,"y":-0.09114381670951843,"z":0.024427516385912896,"w":0.9615972638130188},"size":24.13552474975586,"orthographic":true}